japanese,romaji,english,source_category,source_exercise
女の人,onna no hito,woman,listening,1
男の人,otoko no hito,man,listening,1
話す,hanasu,to speak,listening,1
コート: coat,,,listening,1
どれ: which,,,listening,1
先に,saki ni,"before, ahead, earlier than",listening,1
帰る,kaeru,"to return, to go home",listening,1
白い,shiroi,white,listening,1
長い,nagai,"long, lengthy",listening,1
ポケット: pocket,,,listening,1
テーブル: table,,,listening,1
成る,naru,to become,listening,1
お皿,osara,"plate, dish",listening,1
並べる,naraberu,"to line up, to set up",listening,1
大きい,ookii,"big, large",listening,1
置く,oku,"to put, to place",listening,1
右側,migigawa,"right side, right hand",listening,1
ナイフ: knife,,,listening,1
左側,hidarigawa,"left, left hand side",listening,1
フォーク: fork,,,listening,1
お箸,ohashi,chopsticks,listening,1
隣,tonari,"neighbor, next to",listening,1
コーヒーカップ: coffee cup,,,listening,1
電話,denwa,telephone,listening,1
家,ie,"house, residence",listening,1
どこ: where,,,listening,1
もしもし: hello (on phone),,,listening,1
駅,eki,station,listening,1
着く,tsuku,"to arrive at, to reach",listening,1
行く,iku,"to go, to proceed",listening,1
道,michi,"way, path, route",listening,1
教える,oshieru,"to teach, to instruct",listening,1
出る,deru,"to go out, to exit",listening,1
橋,hashi,bridge,listening,1
渡る,wataru,"to cross over, to go across",listening,1
右,migi,"right, right hand side",listening,1
曲がる,magaru,"to turn, to twist",listening,1
公園,kouen,(public) park,listening,1
前,mae,in front of,listening,1
分かる,wakaru,to be understood,listening,1
いつ: when,,,listening,1
買い物,kaimono,shopping,listening,1
来月,raigetsu,next month,listening,1
二日,futsuka,"second day of the month, two days",listening,1
八日,youka,"eight day of the month, eight days",listening,1
海,umi,"sea, beach",listening,1
近く,chikaku,"near, neighborhood, vicinity",listening,1
旅行,ryokou,"travel, trip",listening,1
見る,miru,"to see, to look",listening,1
本,hon,book,listening,1
読む,yomu,to read,listening,1
美味しい,oishii,"delicious, tasty",listening,1
物,mono,"thing, object",listening,1
食べる,taberu,to eat,listening,1
日,hi,"day, sun",listening,1
部屋,heya,room,listening,1
今,ima,now,listening,1
"みんな: everyone, everybody",,,listening,1
待つ,matsu,"to wait, to look forward to",listening,1
"アパート: apartment building, apartment",,,listening,1
三階,sankai,third floor,listening,1
階段,kaidan,"stairway, staircase",listening,1
上る,noboru,"to ascend, to go up to",listening,1
すぐ: right (near),,,listening,1
近い,chikai,"near, close",listening,1
冷蔵庫,reizouko,refrigerator,listening,2
何,nani,what,listening,2
入れる,ireru,"to put in, to let in",listening,2
果物,kudamono,fruit,listening,2
お菓子,okashi,"sweets, candy",listening,2
上,ue,"on, above",listening,2
ビール: beer,,,listening,2
温かい,atatakai,"warm, mild",listening,2
パーティー: party,,,listening,2
時間,jikan,"time, hours",listening,2
一緒に,issho ni,together with,listening,2
先生,sensei,"teacher, master",listening,2
生徒,seito,student,listening,2
右手,migite,right hand,listening,2
右脇,migiwaki,right armpit,listening,2
持つ,motsu,"to hold, to carry, to possess",listening,2
高い,takai,"high, tall",listening,2
挙げる,ageru,"to raise, to elevate",listening,2
"ゆっくり: slowly, at ease",,,listening,2
次,tsugi,"next, following",listening,2
左,hidari,"left, left hand side",listening,2
手,te,hand,listening,2
"まっすぐ: straight, upright",,,listening,2
横に,yoko ni,horizontally,listening,2
写真,shashin,"photograph, photo",listening,2
建物,tatemono,building,listening,2
撮る,toru,to take (a photo),listening,2
全部,zenbu,"all, entire",listening,2
入る,hairu,"to contain, to hold",listening,2
入り口,iriguchi,"entrance, gate",listening,2
今月,kongetsu,this month,listening,2
カレンダー: calendar,,,listening,2
来週,raishuu,next week,listening,2
金曜日,kin&#8217;youbi,Friday,listening,2
十日,tooka,"tenth day of the month, ten days",listening,2
忙しい,isogashii,"busy, occupied",listening,2
先月,sengetsu,last month,listening,2
本当,hontou,"truth, reality",listening,2
二人,futari,"two person, two people, pair",listening,2
店,mise,"shop, store",listening,2
スカート: skirt,,,listening,2
いかが: how about,,,listening,2
同じ,onaji,"same, identical",listening,2
形,katachi,"form, shape, figure",listening,2
他に,hoka ni,"in addition, besides",listening,2
黒,kuro,black,listening,2
灰色,haiiro,grey,listening,2
赤,aka,red,listening,2
病院,byouin,hospital,listening,3
"また: again, also, still",,,listening,3
明日,ashita,tomorrow,listening,3
来る,kuru,"to come, to arrive",listening,3
木曜日,mokuyoubi,Thursday,listening,3
明後日,asatte,day after tomorrow,listening,3
水曜日,suiyoubi,Wednesday,listening,3
土曜日,doyoubi,Saturday,listening,3
何日,nannichi,"what day, how many days",listening,3
プール: swimming pool,,,listening,3
"よく: frequently, often",,,listening,3
一週間,isshuukan,one week,listening,3
三日,mikka,"third day of the month, three days",listening,3
泳ぐ,oyogu,to swim,listening,3
仕事,shigoto,"work, job",listening,3
一日,ichinichi,one day,listening,3
昨日,kinou,yesterday,listening,3
何時,nanji,what time,listening,3
レストラン: restaurant,,,listening,3
働く,hataraku,"to work, to labor",listening,3
時々,tokidoki,"sometimes, at times",listening,3
遅い,osoi,"slow, late",listening,3
"いつも: always, usually",,,listening,3
昼,hiru,"noon, daytime",listening,3
夜,yoru,"evening, night",listening,3
夕方,yuugata,evening,listening,3
大変,taihen,"terrible, difficult, hard",listening,3
好き,suki,"liking, fondness, love",listening,3
午後,gogo,"afternoon, p.m.",listening,3
お酒,osake,"alcohol, sake",listening,3
遠い,tooi,"far, distant",listening,3
不便,fuben,"inconvenience, unhandiness",listening,3
学校,gakkou,school,listening,3
便利,benri,"convenient, useful",listening,3
"いい: good, excellent",,,listening,3
"うるさい: noisy, loud",,,listening,3
"とても: very, awfully",,,listening,3
静か,shizuka,"quiet, peaceful",listening,3
取る,toru,"to take, to pick up",listening,4
下,shita,"below, down, under",listening,4
これ: this,,,listening,4
それ: that,,,listening,4
箱,hako,box,listening,4
男の子,otoko no ko,boy,listening,4
お母さん,okaasan,mother,listening,4
渡す,watasu,"to pass, to give",listening,4
被る,kaburu,to wear (on head),listening,4
どうして: why,,,listening,4
風邪,kaze,cold (illness),listening,4
皆さん,minasan,"everyone, everybody",listening,4
飲み物,nomimono,"drink, beverage",listening,4
忘れる,wasureru,to forget,listening,4
それから: and then,,,listening,4
雨,ame,rain,listening,4
降る,furu,to fall (rain),listening,4
傘,kasa,umbrella,listening,4
女の子,onna no ko,girl,listening,4
財布,saifu,"wallet, purse",listening,4
買う,kau,to buy,listening,4
色,iro,color,listening,4
丸い,marui,"round, circular",listening,4
可愛い,kawaii,"cute, adorable",listening,4
外国語,gaikokugo,foreign language,listening,4
国,kuni,country,listening,4
そっち: there,,,listening,4
日本,nihon,Japan,listening,4
こっち: here,,,listening,4
毎日,mainichi,every day,listening,5
会社,kaisha,"company, workplace",listening,5
"どうやって: how, in what way, by what means",,,listening,5
自転車,jitensha,bicycle,listening,5
歩く,aruku,to walk,listening,5
少し,sukoshi,"little, few",listening,5
バス: bus,,,listening,5
お爺さん,ojiisan,grandfather,listening,5
七日,nanoka,"seventh day of the month, seven days",listening,5
違う,chigau,"to differ, to vary",listening,5
今日,kyou,"today, this day",listening,5
四日,yokka,"fourth day of the month, four days",listening,5
六日,muika,"sixth day of the month, six days",listening,5
欲しい,hoshii,in need of,listening,5
ボタン: button,,,listening,5
鍵,kagi,"key, lock",listening,5
捜す,sagasu,"to search, to seek",listening,5
椅子,isu,chair,listening,5
本棚,hondana,"bookshelf, bookcase",listening,5
ほら: look!,,,listening,5
横,yoko,"horizontal, side-to-side",listening,5
テニス: tennis,,,listening,5
楽しい,tanoshii,"enjoyable, fun",listening,5
疲れる,tsukareru,"to get tired, to be worn out",listening,5
サッカー: soccer,,,listening,5
飲む,nomu,to drink,listening,5
元気,genki,"healthy, robust",listening,5
ただいま: I&#8217;m home!,,,listening,6
牛肉,gyuuniku,beef,listening,6
豚肉,butaniku,pork,listening,6
鶏肉,toriniku,chicken meat,listening,6
頼む,tanomu,"to request, to ask",listening,6
"どんな: what, what kind of",,,listening,6
天気,tenki,weather,listening,6
寒い,samui,cold (weather),listening,6
悪い,warui,"bad, poor",listening,6
雪,yuki,snow,listening,6
"テレビ: television, TV",,,listening,6
言う,iu,to say,listening,6
晴れ,hare,clear weather,listening,6
曇り,kumori,cloudy weather,listening,6
終わる,owaru,"to finish, to end",listening,6
映画,eiga,"movie, film",listening,6
切符,kippu,ticket,listening,6
残念,zannen,"bad luck, regret",listening,6
一人で,hitori de,"alone, by oneself",listening,6
服,fuku,clothes,listening,6
誰,dare,who,listening,6
素敵,suteki,"lovely, beautiful",listening,6
お兄さん,oniisan,older brother,listening,6
弟さん,otoutosan,younger brother,listening,6
父,chichi,father,listening,6
何人,nannin,how many,listening,6
家族,kazoku,"family, members of a family",listening,6
両親,ryoushin,"parents, both parents",listening,6
兄,ani,older brother,listening,6
一人,hitori,one person,listening,6
姉,ane,older sister,listening,6
見せる,miseru,"to show, to display",listening,7
花瓶,kabin,(flower) vase,listening,7
二番目,nibanme,second (in a series),listening,7
勉強,benkyou,"study, diligence",listening,7
誰か,dareka,"someone, somebody",listening,7
教室,kyoushitsu,classroom,listening,7
授業,jugyou,"lesson, classwork",listening,7
ページ: page,,,listening,7
始める,hajimeru,"to start, to begin",listening,7
どのように: how,,,listening,7
日曜日,nichiyoubi,Sunday,listening,7
花,hana,flower,listening,7
水,mizu,water,listening,7
"きれい: pretty, beautiful, clean",,,listening,7
洗う,arau,to wash,listening,7
銀行,ginkou,bank,listening,7
いらっしゃいませ: welcome (in shops),,,listening,8
お姉さん,oneesan,elder sister,listening,8
あそこ: there,,,listening,8
人,hito,person,listening,8
履く,haku,to put on lower-body clothing,listening,8
眼鏡,megane,"glasses, spectacles",listening,8
会う,au,"to meet, to encounter",listening,8
毎週,maishuu,every week,listening,8
火曜日,kayoubi,Tuesday,listening,8
大丈夫,daijoubu,"all right, okay",listening,8
外,soto,"outside, exterior",listening,8
今朝,kesa,this morning,listening,8
困る,komaru,"to be troubled, to be worried",listening,8
晴れる,hareru,"to clear up, to be sunny",listening,8
歌,uta,song,listening,9
聞く,kiku,"to hear, to listen",listening,9
何時間,nanjikan,how many hours,listening,9
バイオリン: violin,,,listening,9
練習,renshuu,practice,listening,9
上手,jouzu,"skill, skillful",listening,9
"どのくらい: how long, how far",,,listening,9
休み,yasumi,"vacation, holiday, rest",listening,9
"もっと: more, even more, longer",,,listening,9
何か,nanika,something,listening,9
去年,kyonen,last year,listening,9
今年,kotoshi,this year,listening,9
大学生,daigakusei,"university student, college student",listening,9
医者,isha,"(medical) doctor, physician",listening,9
"すごい: amazing, wonderful",,,listening,9
友達,tomodachi,"friend, companion",listening,9
結婚,kekkon,marriage,listening,9
有名,yuumei,famous,listening,9
休む,yasumu,"to take a day off, to rest",listening,9
これから: after this,,,listening,10
"すぐ: immediately, at once",,,listening,10
叔母さん,obasan,aunt,listening,10
御婆さん,obaasan,grandmother,listening,10
二番,niban,"second, number two",listening,10
授業中,jugyouchuu,while in class,listening,10
コーヒー: coffee,,,listening,10
紅茶,koucha,black tea,listening,10
熱い,atsui,hot (thing),listening,10
冷たい,tsumetai,cold (to the touch),listening,10
お茶,ocha,tea,listening,10
お願いします,onegai shimasu,please,listening,10
後ろ,ushiro,"behind, back, rear",listening,10
低い,hikui,"low, short",listening,10
閉める,shimeru,"to close, to shut",listening,10
電気,denki,"electricity, (electric) light",listening,10
消す,kesu,to turn off power,listening,10
乗る,noru,"to get on, to ride in",listening,11
早く,hayaku,"quickly, rapidly",listening,11
小さい,chiisai,"small, little",listening,11
朝,asa,morning,listening,11
朝ご飯,asagohan,breakfast,listening,11
パン: bread,,,listening,11
卵,tamago,egg,listening,11
料理,ryouri,"cooking, cuisine",listening,11
クラス: class,,,listening,11
六月,rokugatsu,June,listening,11
七月,shichigatsu,July,listening,11
道,michi,"street, way, path, route",listening,11
聞く,kiku,"to ask, to enquire",listening,11
薬屋,kusuriya,"pharmacy, drug store",listening,11
辺,hen,"area, vicinity",listening,11
まっすぐ: straight (ahead),,,listening,11
二つ目,futatsume,second,listening,11
交差点,kousaten,"crossing, intersection",listening,11
本屋,hon&#8217;ya,"bookstore, bookshop",listening,11
見える,mieru,"to be seen, to be in sight",listening,11
新聞,shinbun,newspaper,listening,11
見る,miru,"to see, to look, to watch",listening,11
"もらう: to receive, to accept",,,listening,12
猫,neko,cat,listening,12
誕生日,tanjoubi,birthday,listening,12
"くれる: to give, to let one have",,,listening,12
犬,inu,dog,listening,12
人形,ningyou,"doll, puppet",listening,12
置く,oku,"to place, to put",listening,12
下の部屋,shita no heya,downstairs room,listening,12
ホテル: hotel,,,listening,12
入る,hairu,"to get in, to go in",listening,12
荷物,nimotsu,"luggage, baggage",listening,12
自分,jibun,"myself, oneself, yourself",listening,12
持つ,motsu,"to hold, to carry",listening,12
晩ご飯,bangohan,"dinner, evening meal",listening,12
食堂,shokudou,"dining room, dining hall",listening,12
時半,jihan,half past,listening,12
お風呂,ofuro,bath,listening,12
名前,namae,name,listening,12
番号,bangou,"number, series of digits",listening,12
書く,kaku,to write,listening,12
紙,kami,paper,listening,12
遅く,osoku,late,listening,12
昼ご飯,hirugohan,lunch,listening,12
ちょうどいい: just right (time),,,listening,12
お父さん,otousan,father,listening,13
今晩,konban,"tonight, this evening",listening,13
寝る,neru,"to sleep, to go to bed",listening,13
起きる,okiru,"to get up, to wake up",listening,13
この後,kono ato,after this,listening,13
休む,yasumu,"to rest, to have a break",listening,13
ケーキ: cake,,,listening,13
もうすぐ: very soon,,,listening,13
出かける,dekakeru,"to depart, to go out",listening,13
やっぱり: just as I thought,,,listening,13
作る,tsukuru,"to make, to produce",listening,13
肉,niku,"meat, flesh",listening,13
魚,sakana,fish,listening,13
野菜,yasai,vegetable,listening,13
カレー: curry,,,listening,13
電車,densha,(electric) train,listening,13
南,minami,south,listening,13
借りる,kariru,"to borrow, to rent",listening,13
会社,kaisha,"company, corporation",listening,14
"うち: house, home (one&#8217;s own)",,,listening,14
図書館,toshokan,library,listening,14
"そば: near, close, beside",,,listening,14
面白い,omoshiroi,"interesting, amusing",listening,14
涼しい,suzushii,"cool, refreshing",listening,14
暑い,atsui,hot (weather),listening,14
デパート: department store,,,listening,14
中,naka,"inside, within",listening,14
靴,kutsu,"shoes, footwear",listening,14
売る,uru,to sell,listening,14
"ネクタイ: tie, necktie",,,listening,14
階,kai,stories,listening,14
"あちら: that way, over there",,,listening,14
夏休み,natsuyasumi,"summer vacation, summer holiday",listening,14
帰る,kaeru,"to return, to come home",listening,14
北,kita,north,listening,14
一年中,ichinenjuu,all year round,listening,14
店,mise,"store, shop",listening,15
早い,hayai,"early, soon",listening,15
最後,saigo,"last, end",listening,15
背が高い,se ga takai,tall (of a person),listening,15
楽しみ,tanoshimi,looking forward to,listening,15
始まる,hajimaru,to begin,listening,15
映画館,eigakan,"movie theater, cinema",listening,15
鞄,kaban,bag,listening,15
絵,e,"picture, drawing, paiting",listening,15
ハンカチ: handkerchief,,,listening,15
窓,mado,window,listening,16
ドア: door,,,listening,16
横,yoko,horizontal,listening,16
暖かい,atatakai,"warm, mild",listening,16
風,kaze,"wind, breeze",listening,16
強い,tsuyoi,"strong, powerful",listening,16
弟,otouto,younger brother,listening,16
休み,yasumi,"rest, vacation, holiday",listening,16
山,yama,mountain,listening,16
登る,noboru,"to go up, to climb",listening,16
"きれい: beautiful, lovely",,,listening,17
ここ: here,,,listening,17
カメラ: camera,,,listening,17
押す,osu,"to push, to press",listening,17
喫茶店,kissaten,"coffee lounge, coffee shop",listening,17
はじめまして: I&#8217;m glad to meet you,,,listening,17
一年前,ichinenmae,one year ago,listening,17
日本語,nihongo,Japanese (language),listening,17
音楽,ongaku,music,listening,17
スポーツ: sport,,,listening,17
コンピューター: computer,,,listening,17
四月,shigatsu,April,listening,17
切る,kiru,"to cut, to sever",listening,18
はさみ: scissors,,,listening,18
何歳,nansai,"how old, what age",listening,18
今,ima,"now, the present time",listening,18
二十歳,hatachi,twenty years old,listening,18
大人,otona,adult,listening,18
全部,zenbu,"all, entire, whole",listening,18
授業,jugyou,"lesson, class work",listening,18
何番,nanban,what number,listening,18
毎度,maido,each time,listening,19
忘れ物,wasuremono,"lost article, something forgotten",listening,19
どなた: who,,,listening,19
四角い,shikakui,"square, rectangular",listening,19
黒い,kuroi,black,listening,19
順番,junban,"turn (in line), order of things",listening,20
"まず: first (of all), to start with",,,listening,20
走る,hashiru,to run,listening,20
グラフ: graph,,,listening,20
食べ物,tabemono,food,listening,20
少ない,sukunai,"few, a little",listening,20
"たいてい: mostly, generally",,,listening,20
牛乳,gyuunyuu,milk,listening,20
ボールペン: ball-point pen,,,listening,20
貸す,kasu,"to lend, to loan",listening,20
赤い,akai,red,listening,20
青い,aoi,blue,listening,20
行く,iku,to go,listening,21
肉,niku,meat,listening,21
本屋,honya,bookshop,listening,21
ほか: other,,,listening,21
違う,chigau,to differ,listening,21
ジュース: juice,,,listening,21
座る,suwar,to sit,listening,21
風,kaze,wind,listening,21
強い,tsuyoi,strong,listening,21
暖かい,atatakai,warm,listening,21
探す,sagasu,to search,listening,21
安い,yasui,cheap,listening,21
ところ: place,,,listening,21
遠い,tooi,far,listening,21
何曜日,nanyoubi,what day,listening,21
宿題,shukudai,homework,listening,21
明後日,asatte,the day after tomorrow,listening,21
大変,taihen,very; greatly; terribly,listening,21
アイスクリーム,aisukuriimu,ice cream,listening,22
いくつ,ikutsu,"how many, how old",listening,22
家族,kazoku,family,listening,22
じゃあ,jaa,"well, so, well then",listening,22
どこ,doko,where,listening,22
会う,au,to meet,listening,22
喫茶店,kissaten,"coffee shop, coffee house",listening,22
店,mise,store,listening,22
休み,yasumi,"vacation, holiday",listening,22
そうか,souka,is that so?,listening,22
隣,tonari,next to,listening,22
どう,dou,"how, in what way",listening,22
前,mae,"before, in front",listening,22
寒い,samui,cold,listening,22
中,naka,"in, inside",listening,22
分かる,wakaru,to understand,listening,22
ジュース,juusu,juice,listening,22
甘い,amai,"sweet, sugary",listening,22
もの,mono,thing,listening,22
年,nen,year,listening,22
登る,noboru,to climb,listening,22
静か,shizuka,quiet,listening,22
人,hito,"person, people",listening,22
多い,ooi,many,listening,22
昼ごはん,hirugohan,lunch,listening,22
時,ji,o’clock,listening,22
時間,jikan,"time, hour",listening,22
持つ,motsu,to have,listening,22
貸す,kasu,to lend,listening,22
よかった,yokatta,thank goodness,listening,22
お金,okane,money,listening,22
Click here,,,listening,22
to download JLPT N5,,,listening,22
平仮名,hiragana,Hiragana,listening,24
なる,naru,to become,listening,24
並べる,naraberu,"to line up, to arrange in a line",listening,24
正しい,tadashii,"right, correct",listening,24
まず,mazu,first,listening,24
電車,densha,train,listening,24
今日一日,kyou ichinichi,the whole day today,listening,24
使う (tsukau); to use,,,listening,24
乗る,noru,to ride,listening,24
降りる,oriru,"to descend, to alight (e.g. from bus)",listening,24
バス,basu,bus,listening,24
車,kuruma,car,listening,24
医者,isha,doctor,listening,24
痛い,itai,"painful, sore",listening,24
どうしました,dou shimashita,"what’s wrong?, what’s happend?",listening,24
箸,hashi,chopsticks,listening,24
ペン,pen,pen,listening,24
持つ,motsu,to hold,listening,24
うち,uchi,"one’s house, one’s home, one’s family",listening,24
でも,demo,but,listening,24
話,hanashi,"talk, chat",listening,25
どうやって,dou yatte,how,listening,25
毎朝,maiasa,every morning,listening,25
入れる,ireru,to put in,listening,25
砂糖,satou,sugar,listening,25
海,umi,sea,listening,25
どうでした,dou deshita,how was…,listening,25
少し,sukoshi,a little,listening,25
少ない,sukunai,few,listening,25
会社,kaisha,company,listening,25
手紙を出す,tegami o dasu,to mail a letter,listening,25
デパート,depaato,department store,listening,25
郵便局,yuubinkyoku,post office,listening,25
薬,kusuri,medicine,listening,25
いつ,itsu,when,listening,25
飲む,nomu,"to drink, to take (medicine)",listening,25
こちら,kochira,"this way, here, this one",listening,25
夜,yoru,night,listening,25
頭,atama,head,listening,25
ゆっくり,yukkuri,slowly,listening,25
寝る,neru,to sleep,listening,25
お腹,onaka,stomach,listening,25
毎晩,maiban,every night,listening,25
よく,yoku,"often, frequently",listening,25
地下鉄,chikatetsu,subway,listening,25
はやい,hayai,fast,listening,25
便利,benri,convenient,listening,25
外,soto,outside,listening,25
忙しい,isogashii,busy,listening,25
高い,takai,"high, expensive",listening,25
町,machi,"town, neighborhood",listening,25
いつも,itsumo,always,listening,25
ストーブ,sutoobu,"(room) heater, stove",listening,26
つける,tsukeru,"to furnish (a house with), to turn on",listening,26
暑い,atsui,hot,listening,26
開く,aku,to open,listening,26
掃除,souji,"cleaning, sweeping",listening,26
開ける,akeru,to open,listening,26
よい,yoi,good,listening,26
コート,kooto,coat,listening,26
セーター,seetaa,sweater,listening,26
要る,iru,to need,listening,26
中学校,chuugakkou,"junior high school, middle school",listening,26
先生,sensei,teacher,listening,26
この後,kono go/kono ato,"after this, from now on",listening,26
遊ぶ,asobu,to play,listening,26
はやく,hayaku,"quickly, early",listening,26
勉強,benkyou,study,listening,26
帰る,kaeru,to return (home),listening,26
赤ちゃん,akachan,baby,listening,26
泣く,naku,to cry,listening,26
経つ,tatsu,to pass (of time),listening,26
また,mata,again,listening,26
パーティー,paatii,party,listening,27
四日,yokka,the fourth day of the month,listening,27
二人,futari,"two persons, pair",listening,27
住む,sumu,to live,listening,27
ところ,tokoro,place,listening,27
いや,iya,"unpleasant, detestable",listening,27
出かける,dekakeru,to go out,listening,27
晴れ,hare,"clear weather, fine weather",listening,27
財布,saifu,wallet,listening,27
そば,soba,"near, close",listening,27
木,ki,tree,listening,27
下,shita,under,listening,27
どの,dono,which,listening,27
長い,nagai,long,listening,27
短い,mijikai,short,listening,27
いくら,ikura,how much,listening,27
八月,hachigatsu,August,listening,27
八日,youka,the eight day of the month,listening,27
旅行,ryokou,travel,listening,27
月曜日,getsuyoubi,Monday,listening,27
七日,nanoka,the seventh day of the month,listening,27
日,hi,day,listening,27
スプーン,supuun,spoon,listening,28
コップ,koppu,cup,listening,28
こっち,kocchi,"this way, here",listening,28
全部,zenbu,all,listening,28
本当,hontou,really,listening,28
鍵,kagi,key,listening,28
あれ,are,"huh?, what?, eh?",listening,28
テーブル,teeburu,table,listening,28
本棚,hondana,bookshelf,listening,28
もう一回,mou ikkai,once more,listening,28
三日,mikka,the third day of the month,listening,28
十日,tooka,the tenth day of the month,listening,28
お酒,osake,alcohol,listening,28
家,ie,house,listening,29
出る,deru,"to leave, to go out",listening,29
それじゃ,sore ja,"well, then, bye then, in that case",listening,29
朝ごはん,asagohan,breakfast,listening,29
子供,kodomo,"child, children",listening,29
お弁当,obentou,"bento, Japanese box lunch",listening,29
作る,tsukuru,to make,listening,29
来る,kuru,to come,listening,29
かかる,kakaru,to take (time),listening,29
近い,chikai,near,listening,29
花屋,hanaya,"florist, flower shop",listening,29
電話番号,denwa bangou,phone number,listening,29
駅前,ekimae,in front of a station,listening,29
教える,oshieru,"to teach, to tell",listening,29
パン,pan,bread,listening,29
サンドイッチ,sandoicchi,sandwich,listening,29
雑誌,zasshi,magazine,listening,29
何階,nankai,what floor,listening,29
階,kai,floor,listening,29
外国,gaikoku,foreign country,listening,29
喫茶店,kissaten,coffee shop,listening,29
時々,tokidoki,sometimes,listening,29
古い,furui,old,listening,29
コーヒー,koohii,coffee,listening,29
料理,ryouri,"cuisine, cooking",listening,29
美味しい,oishii,delicious,listening,29
分かる,wakaru,"to understand, to comprehend",listening,29
好き,suki,like,listening,29
お腹が空く,onaka ga suku,"to become hungry, to get an empty stomach",listening,29
カメラ,kamera,camera,listening,30
いちばん,ichiban,"best, most",listening,30
右,migi,right,listening,30
シャツ,shatsu,shirt,listening,30
いろいろ,iroiro,"various, all sorts of",listening,30
ポケット,poketto,pocket,listening,30
ボタン,botan,button,listening,30
大きい,ookii,big,listening,30
メガネをかける,megane o kakeru,to wear glasses,listening,30
ご飯,gohan,rice,listening,30
きらい,kirai,hate,listening,30
電話,denwa,"phone, phone call",listening,30
向こう,mukou,"other side, over there",listening,30
昼,hiru,"daytime, noon",listening,30
どうも,doumo,"thanks, thank you",listening,30
子,ko,child,listening,31
あそこ,asoko,"there, over there",listening,31
ほら,hora,"look!, see!, there!",listening,31
写真,shashin,photograph,listening,31
持ってくる,motte kuru,to bring,listening,31
髪,kami,hair,listening,31
違う,chigau,"to differ, to be different",listening,31
丸い,marui,round,listening,31
顔,kao,face,listening,31
もしもし,moshimoshi,hello (on the phone),listening,31
着く,tsuku,to arrive,listening,31
待つ,matsu,to wait,listening,31
いますぐ,ima sugu,right now,listening,31
持つ,motsu,"to hold, to carry, to have",listening,31
帽子,boushi,hat,listening,31
かぶる,kaburu,to wear,listening,31
ページ,peeji,page,listening,31
終わる,owaru,to finish,listening,31
クラス,kurasu,class,listening,31
靴下,kutsushita,socks,listening,31
絵,e,"painting, drawing",listening,31
動物,doubutsu,animal,listening,31
次,tsugi,next,listening,32
する,suru,to do,listening,32
テレビ,terebi,television,listening,32
電話をかける,denwa o kakeru,"to telephone, to make a phone call",listening,32
ナイフ,naifu,knife,listening,32
どんなとき,donna toki,when,listening,32
使う,tsukau,to use,listening,32
切る,kiru,to cut,listening,32
スープ,suupu,soup,listening,32
人形,ningyou,doll,listening,32
洋服,youfuku,Western-style clothes,listening,32
靴,kutsu,shoes,listening,32
キャンプ,kyanpu,"camp, camping",listening,32
公園,kouen,park,listening,33
子供,kodomo,child,listening,33
二人,futari,two persons,listening,33
何人,nannin,how many people,listening,33
うちの犬,uchi no inu,my dog,listening,33
後ろ,ushiro,behind,listening,33
ベッド,beddo,bed,listening,33
机,tsukue,desk,listening,33
試験,shiken,"test, exam",listening,33
学生,gakusei,student,listening,33
時計,tokei,"clock, watch",listening,33
何分,nanpun,how many minutes,listening,33
みなさん,minasan,everyone,listening,33
手紙,tegami,letter,listening,33
出す,dasu,to mail (a letter),listening,33
封筒,fuutou,envelope,listening,33
葉書,hagaki,postcard,listening,33
ボールペン,boorupen,ball-point pen,listening,33
切手,kitte,stamp,listening,33
何回,nankai,how many times,listening,34
ご飯,gohan,"cooked rice, meal",listening,34
あとで,ato de,after,listening,34
昼,hiru,"midday, noon, daytime",listening,34
四日間,yokkakan,for four days,listening,34
とる,toru,to take,listening,34
どちら,dochira,which one,listening,34
小さい,chiisai,small,listening,34
今から,ima kara,"from now, from the present moment",listening,34
テスト,tesuto,test,listening,34
辞書,jisho,dictionary,listening,34
問題,mondai,"problem, question",listening,34
出す,dasu,"to take out, to put out",listening,34
えんぴつ,enpitsu,pencil,listening,34
消しゴム,keshigomu,"eraser, rubber",listening,34
ノート,nooto,notebook,listening,34
旅行会社,ryokou gaisha,"travel agent, travel agency",listening,34
はじめに,hajime ni,"first, at first",listening,34
ホテル,hoteru,hotel,listening,34
一階,ikkai,first floor,listening,34
レストラン,resutoran,restaurant,listening,34
晩ご飯,bangohan,dinner,listening,34
すぐに,sugu ni,immediately,listening,34
持っていく,motte iku,"to take (something) along, to bring with one",listening,34
おにぎり,onigiri,rice ball,listening,34
おねがいします,onegai shimasu,please,listening,34
重い,omoi,heavy,listening,34
番号,bangou,number,listening,35
いちばん,ichiban,most,listening,35
どれ,dore,which,listening,36
靴,kutsu,shoe,listening,36
写真を撮る,shashin o toru,to take a photo,listening,36
貼る,haru,"to stick, to paste",listening,36
ここ,koko,here,listening,36
勉強,benkyou,to study,listening,36
テレビ,terebi,TV,listening,36
聞く,kiku,to listen,listening,36
大学,daigaku,university,listening,36
バス停,basutei,bus stop,listening,36
バス会社,basu gaisha,bus company,listening,36
番,ban,"number, one’s turn",listening,36
夕方,yuugata,night,listening,36
どちら,dochira,where,listening,37
あちら,achira,"that way, over there",listening,37
アメリカ,amerika,America,listening,37
今日,kyou,today,listening,37
何日,nannichi,what day,listening,37
週間,shuukan,week,listening,37
荷物,nimotsu,luggage,listening,37
どういたしまして,dou itashimashite,"you’re welcome, don’t mention it",listening,37
休む,yasumu,to rest,listening,37
お元気ですか,ogenki desu ka,how are you?,listening,37
ずつ,zutsu,each,listening,38
階段,kaidan,"stairs, staircase",listening,38
気をつける,ki o tsukeru,"to be careful, to pay attention",listening,38
上着,uwagi,"coat, jacket",listening,38
脱ぐ,nugu,"to take off (clothes, shoes, etc.), to undress",listening,38
かわいい,kawaii,cute,listening,39
ほんとう,hontou,really,listening,39
好き,suki,"liking, being fond of",listening,39
耳,mimi,ears,listening,39
ううん,uun,no,listening,39
押す,osu,to push,listening,39
まっすぐ,massugu,straight,listening,39
ほう,hou,"direction, way",listening,39
口,kuchi,mouth,listening,39
両親,ryoushin,parents,listening,39
遠く,tooku,"far away, distant place",listening,39
姉,ane,elder sister,listening,39
一緒,issho,together,listening,39
兄弟,kyoudai,"brothers and sisters, siblings",listening,39
弟,otouto,little brother,listening,39
食堂,shokudou,cafeteria,listening,39
パン屋,panya,bakery,listening,39
友だち,tomodachi,friend,listening,40
映画,eiga,movie,listening,40
見る,miru,"to see, to watch",listening,40
食事,shokuji,meal,listening,40
話,hanashi,"tale, story",listening,40
はやく,hayaku,"early, soon",listening,40
ごめんなさい,gomen nasai,I’m sorry,listening,40
バス旅行,basu ryokou,bus trip,listening,40
サッカー,sakkaa,soccer,listening,40
呼ぶ,yobu,to call,listening,41
いらっしゃいませ,irasshaimase,"welcome (used in shops, restaurants, etc.)",listening,41
失礼しました,shitsurei shimashita,"my apologies, I’m sorry",listening,41
すみません,sumimasen,"excuse me, pardon me",listening,41
ごちそうさまでした,gochisou sama deshita,thank you for the meal,listening,41
いただきます,itadakimasu,"thank you (for the meal just served), I receive (this meal)",listening,41
どういたしまして,dou itashimashite,you’re welcome,listening,41
どうもありがとう,doumo arigatou,thank you,listening,41
はじめまして,hajimemashite,"how do you do?, I’m glad to meet you",listening,41
どうぞ,douzo,"by all means, please (help yourself to)",listening,41
うち,uchi,home,listening,41
帰る,kaeru,to return,listening,41
いってきます,itte kimasu,"I’m off, see you later (often has a response of いってらっしゃい)",listening,41
じゃ、また,"ja, mata","see you later, goodbye",listening,41
ただいま,tadaima,"I’m home!, I’m back!",listening,41
貸す,kasu,"to lend, to loan, to rent out",listening,41
開け方,akekata,how to open,listening,42
教える (oshieru):,,,listening,42
では,dewa,"then, well, well then",listening,42
こうやって,kou yatte,like this,listening,42
はじめは,hajime wa,"at first, in the beginning",listening,42
そして,soshite,"and, and then",listening,42
それから,sore kara,"and then, after that",listening,42
映画館,eigakan,movie theater,listening,42
前,mae,"before, in front of",listening,42
どう,dou,"how, how about",listening,42
入る,hairu,"to enter, contain",listening,42
始める,hajimeru,to start,listening,42
問題,mondai,"question, problem",listening,42
もう一度,mou ichido,"once more, again",listening,42
タクシー,takushii,taxi,listening,43
道,michi,road,listening,43
あの先,ano saki,over there,listening,43
渡る,wataru,to cross,listening,43
いいえ,iie,no,listening,43
曲がる,magaru,to turn,listening,43
ええ,ee,yes,listening,43
つぎ,tsugi,next,listening,43
かど,kado,"(street) corner, turning",listening,43
どうしました,dou shimashita,what’s wrong?,listening,43
うちの子,uchi no ko,my child,listening,43
いなくなる,inakunaru,to disappear,listening,43
ズボン,zubon,"trousers, pants",listening,43
かぶる,kaburu,"to wear, to put on (one’s head)",listening,43
昼,hiru,"noon, midday",listening,43
曇る,kumoru,"to get cloudy, to become overcast",listening,43
写真,shashin,photo,listening,43
みんな,minna,everyone,listening,43
立つ,tatsu,to stand,listening,43
寝る,neru,"to sleep, to lie down",grammar,1
遊ぶ,asobu,"to play, to enjoy oneself",grammar,1
テスト: test,,,grammar,1
髪,kami,hair (on the head),grammar,1
警官,keikan,policeman,grammar,1
人たち,hitotachi,people,grammar,1
to download this test for offline viewing.,,,grammar,1
If you find any error in this post please don't hesitate to,,,grammar,1
contact me,,,grammar,1
.,,,grammar,1
If you have any questions please check the F.A.Q section.,,,grammar,1
"If you find this post useful, please share it with your friends!",,,grammar,1
JLPT N5 - Grammar Exercise 02,,,grammar,1
"たいへん: very, greatly",,,grammar,2
"いい: good, fine",,,grammar,2
人,hito,"man, person",grammar,2
悪い,warui,"bad, evil",grammar,2
住所,juusho,address,grammar,2
"あそこ: there, over there",,,grammar,2
クリスマス: Christmas,,,grammar,2
過ごす,sugosu,"to pass, to spend",grammar,2
飲む,nomu,"to drink, to gulp",grammar,2
入る,hairu,"to enter, to contain",grammar,2
そこ: there,,,grammar,2
"いつまでも: forever, for good",,,grammar,2
JLPT N5 - Grammar Exercise 03,,,grammar,2
JLPT N5 - Grammar Exercise 01,,,grammar,2
"まっすぐ: straight, direct",,,grammar,3
ベッド: bed,,,grammar,3
もう少し,mou sukoshi,"a bit more, a bit longer",grammar,3
心配,shinpai,"worry, concern",grammar,3
彼,kare,"he, him",grammar,3
絶対,zettai,"absolutely, unconditionally",grammar,3
大丈夫,daijoubu,"safe, all right",grammar,3
住む,sumu,"to live, to reside",grammar,3
母,haha,mother,grammar,3
子供たち,kodomotachi,children,grammar,3
周り,mawari,"surroundings, circumference",grammar,3
他人,ta’nin,another person,grammar,3
彼女,kanojo,"she, her",grammar,3
"きれい: clean, tidy",,,grammar,3
JLPT N5 - Grammar Exercise 04,,,grammar,3
一度,ichido,"once, one time",grammar,4
奥さん,okusan,"married lady, madam",grammar,4
少し,sukoshi,"little, little while",grammar,4
危険,kiken,"danger, peril",grammar,4
並ぶ,narabu,"to line up, to stand in line",grammar,4
立つ,tatsu,"to stand, to stand up",grammar,4
なぜ: why,,,grammar,4
集まる,atsumaru,to assemble,grammar,4
分かる,wakaru,"to be understood, to be comprehended",grammar,4
"たくさん: many, a lot",,,grammar,4
事,koto,"thing, matter",grammar,4
JLPT N5 - Grammar Exercise 05,,,grammar,4
地図,chizu,map,grammar,5
スーパー: supermarket,,,grammar,5
中国語,chuugokugo,Chinese (language),grammar,5
英語,eigo,English (language),grammar,5
生年月日,seinengappi,birth date,grammar,5
いつも: always,,,grammar,5
"うち: house, home (one’s own)",,,grammar,5
車,kuruma,"car, automobile",grammar,5
通る,tooru,"to pass by, to go through",grammar,5
JLPT N5 - Grammar Exercise 06,,,grammar,5
探す,sagasu,"to search, to seek",grammar,6
知る,shiru,to know,grammar,6
元気,genki,healthy; well,grammar,6
広い,hiroi,"spacious, vast",grammar,6
歌う,utau,to sing,grammar,6
字,ji,"character, hand-writing",grammar,6
もう少し,mou sukoshi,a bit more,grammar,6
大きい,ookii,"big, large, great",grammar,6
JLPT N5 - Grammar Exercise 07,,,grammar,6
"もっと: more, even more",,,grammar,7
今すぐ,ima sugu,"at once, immediately, right now",grammar,7
いいえ: no,,,grammar,7
壁,kabe,wall,grammar,7
ポスター: poster,,,grammar,7
絵,e,"picture, drawing, painting",grammar,7
描く,kaku,"to draw, to paint",grammar,7
夕べ,yuube,last night,grammar,7
晩御飯,bangohan,"dinner, evening meal",grammar,7
JLPT N5 - Grammar Exercise 08,,,grammar,7
休む,yasumu,"to take a day off, to be absent",grammar,8
病気,byouki,"illness, disease, sickness",grammar,8
切手,kitte,stamp (postage),grammar,8
コーラ: cola,,,grammar,8
りんご: apple,,,grammar,8
三分,sanpun,three minutes,grammar,8
JLPT N5 - Grammar Exercise 09,,,grammar,8
"いつ: when, how soon",,,grammar,9
目,me,"eye, eyeball",grammar,9
"ゴミ: rubbish, trash",,,grammar,9
三十分,sanjuppun,thirty minutes,grammar,9
三回,sankai,three times,grammar,9
大学,daigaku,"university, college",grammar,9
一昨日,ototoi,day before yesterday,grammar,9
言葉,kotoba,"word, phrase, term",grammar,9
覚える,oboeru,"to remember, to memorize",grammar,9
花,hana,"flower, blossom",grammar,9
洗濯,sentaku,"washing, laundry",grammar,9
JLPT N5 - Grammar Exercise 10,,,grammar,9
薄い,usui,"thin, pale",grammar,10
昼御飯,hirugohan,"lunch, midday meal",grammar,10
"どこ: where, what place",,,grammar,10
新しい,atarashii,new,grammar,10
使う,tsukau,"to use, to make use of",grammar,10
JLPT N5 – Grammar Exercise 11,,,grammar,10
タクシー: taxi,,,grammar,11
"ちょっと: just a minute, just a little",,,grammar,11
ラーメン: ramen,,,grammar,11
富士山: Mt. Fuji,,,grammar,11
メートル: meter,,,grammar,11
上,ue,"above, up",grammar,11
人,hito,"man, person, people",grammar,11
多い,ooi,"many, numerous",grammar,11
良い,yoi,"good, fine",grammar,11
"では: then, well then",,,grammar,11
"じゃ: then, well, so",,,grammar,11
"それで: and, thereupon",,,grammar,11
"でも: but, however",,,grammar,11
疲れる,tsukareru,"to get tired, to tire",grammar,11
JLPT N5 - Grammar Exercise 12,,,grammar,11
入る,hairu,to enter,grammar,12
散歩,sanpo,"walk, stroll",grammar,12
みかん: mandarin orange,,,grammar,12
いくら: how much,,,grammar,12
JLPT N5 - Grammar Exercise 13,,,grammar,12
"それから: and then, after that",,,grammar,13
ピンポン: table tennis,,,grammar,13
いっぱい: a cup of…,,,grammar,13
JLPT N5 - Grammar Exercise 14,,,grammar,13
出かける,dekakeru,to go out (on an excursion or outing),grammar,14
体,karada,"body, health",grammar,14
丈夫,joubu,"healthy, robust",grammar,14
妹,imouto,younger sister,grammar,14
歳,sai,-years-old,grammar,14
"すみません: sorry, excuse me",,,grammar,14
ごめんください: may I come in?,,,grammar,14
しつれいします: excuse me,,,grammar,14
JLPT N5 - Grammar Exercise 15,,,grammar,14
冬,fuyu,winter,grammar,15
一回,ikkai,"once, one time",grammar,15
デパ－ト: department store,,,grammar,15
自分,jibun,"yourself, oneself",grammar,15
夏,natsu,summer,grammar,15
ゴルフ: golf,,,grammar,15
"たぶん: perhaps, probably",,,grammar,15
賑やか,nigiyaka,"bustling, busy",grammar,15
to download JLPT N5 Grammar Audio Lesson Part 1 (free).,,,grammar,15
to download JLPT N5 Grammar Audio Lesson Part 2 to Part 6 (requires paid membership).,,,grammar,15
to download JLPT N5 Vocabulary Audio Lesson Part 1 (free).,,,grammar,15
to download JLPT N5 Vocabulary Audio Lesson Part 2 to Part 21 (requires paid membership).,,,grammar,15
JLPT N5 - Grammar Exercise 16,,,grammar,15
先週,senshuu,"last week, the week before",grammar,16
向こう,mukou,opposite side,grammar,16
塩,shio,salt,grammar,16
生まれる,umareru,to be born,grammar,16
返す,kaesu,to return (something),grammar,16
JLPT N5 - Grammar Exercise 17,,,grammar,16
小さい,chiisai,"small, little, tiny",grammar,17
軽い,karui,light (not heavy),grammar,17
開く,aku,to open (business),grammar,17
早く,hayaku,"quickly, rapidly, fast",grammar,17
辛い,karai,"spicy, hot",grammar,17
JLPT N5 - Grammar Exercise 18,,,grammar,17
一か月,ikkagetsu,one month,grammar,18
暇,hima,free (of one’s time),grammar,18
"いい: good, excellent, fine",,,grammar,18
"ところ: place, spot",,,grammar,18
JLPT N5 - Grammar Exercise 19,,,grammar,18
明るい,akarui,"bright, colorful",grammar,19
こちら: this way,,,grammar,19
帽子,boushi,"hat, cap",grammar,19
どこか: somewhere,,,grammar,19
JLPT N5 - Grammar Exercise 20,,,grammar,19
春休み,haruyasumi,"spring break, spring vacation",grammar,20
鞄,kaban,"bag, briefcase",grammar,20
"いくつ:  how many, how old",,,grammar,20
"どうして: why, for what reason",,,grammar,20
"どちら: which way, which direction",,,grammar,20
時,ji,"hour, o’clock",grammar,20
運動,undou,"motion, exercise",grammar,20
JLPT N5 – Grammar Exercise 21,,,grammar,20
嫌い,kirai,"dislike, hate",grammar,21
高い,takai,expensive,grammar,21
道,michi,"street, way, path",grammar,21
三人,sannin,three people,grammar,21
質問,shitsumon,"question, inquiry",grammar,21
運転手,untenshu,"driver, chauffeur",grammar,21
一日中,ichinichijuu,throughout the day,grammar,21
操作,sousa,operation,grammar,21
運ぶ,hakobu,"to carry, to transport",grammar,21
運転,unten,driving,grammar,21
"たいてい: mostly, ordinarily",,,grammar,21
"ときどき: sometimes, at times",,,grammar,21
"いつも: always, every time",,,grammar,21
"だいたい: general, approximately",,,grammar,21
はじめて: for the first time,,,grammar,21
いろいろ: various,,,grammar,21
考える,kangaeru,"to consider, to think about",grammar,21
"ずっと: the whole time, all the way",,,grammar,21
パソコン: personal computer,,,grammar,21
JLPT N5 – Grammar Exercise 22,,,grammar,21
船,fune,"ship, bobat",grammar,22
中国,chuugoku,China,grammar,22
流れる,nagareru,"to stream, to flow",grammar,22
出る,deru,"to go out, to leave",grammar,22
"マフラー: muffler, scarf",,,grammar,22
あげる: to give,,,grammar,22
時計,tokei,"watch, clock",grammar,22
JLPT N5 – Grammar Exercise 23,,,grammar,22
"センター: centre, center",,,grammar,23
"ロビー: lobby, lounge",,,grammar,23
"だから: so, therefore",,,grammar,23
"しかし: however, but",,,grammar,23
"そして: and, and then",,,grammar,23
"けれど: but, however",,,grammar,23
近く,chikaku,"near, vicinity",grammar,23
試験,shiken,"test, examination",grammar,23
"よく: often, frequently",,,grammar,23
JLPT N5 – Grammar Exercise 24,,,grammar,23
祖母,sobo,grandmother,grammar,24
ラジオ: radio,,,grammar,24
作文,sakubun,"composition, writing",grammar,24
JLPT N5 – Grammar Exercise 25,,,grammar,24
難しい,muzukashii,difficult,grammar,25
全然,zenzen,not at all,grammar,25
出来る,dekiru,to be able to do,grammar,25
肉,niku,"flesh, meat",grammar,25
研修生,kenshuusei,trainee,grammar,25
四階,yonkai,fourth floor,grammar,25
食堂,shokudou,"dining room, dining room, cafeteria",grammar,25
中華料理,chuuka ryouri,Chinese food,grammar,25
"つまらない: dull, uninteresting",,,grammar,25
JLPT N5 – Grammar Exercise 26,,,grammar,25
若い,wakai,young,grammar,26
いただきます: expression of gratitude before meals,,,grammar,26
サングラス: sunglasses,,,grammar,26
シャツ: shirt,,,grammar,26
着る,kiru,"to wear, to put on",grammar,26
工場,koujou,"factory, mill",grammar,26
下りる,oriru,to get off,grammar,26
乗る,noru,"to get on, to ride in, to board",grammar,26
試験,shiken,"examination, test",kanji,1
来月: next month,,,kanji,1
七月: July,,,kanji,1
八日,youka,"eighth day of the month, eight days",kanji,1
木曜日: Thursday,,,kanji,1
お金: money,,,kanji,1
八万: eighty thousand,,,kanji,1
円: Yen,,,kanji,1
"入る: to contain, to hold",,,kanji,1
天気: weather,,,kanji,1
北: north,,,kanji,1
白い: white,,,kanji,1
"よく: well, properly",,,kanji,1
JLPT N5 – Kanji Exercise 02,,,kanji,1
この: this,,,kanji,2
山: mountain,,,kanji,2
桜,sakura,"cherry tree, cherry blossom",kanji,2
"春: spring, springtime",,,kanji,2
大勢,oozei,"many, crowd, great number of people",kanji,2
"人: man, person, people",,,kanji,2
"花見: cherry blossom viewing, flower viewing",,,kanji,2
はは: mother,,,kanji,2
まいにち: every day,,,kanji,2
"だいがく: university, college",,,kanji,2
としょかん: library,,,kanji,2
"はたらく: to work, to labor",,,kanji,2
JLPT N5 – Kanji Exercise 03,,,kanji,2
JLPT N5 – Kanji Exercise 01,,,kanji,2
あに: older brother,,,kanji,3
"ちいさい: small, little, tiny",,,kanji,3
らじお: radio,,,kanji,3
ぽけっと: pocket,,,kanji,3
"いれる: to put in, to insert",,,kanji,3
"でかける: to depart, to go out",,,kanji,3
でんしゃ: (electric) train,,,kanji,3
"なか: inside, in, among, within",,,kanji,3
"きく: to listen, to hear",,,kanji,3
"かいしゃ: company, corporation, workplace",,,kanji,3
"いく: to go, to proceed",,,kanji,3
"先に: before, ahead, earlier than",,,kanji,3
食べる: to eat,,,kanji,3
後で: afterwards,,,kanji,3
JLPT N5 – Kanji Exercise 04,,,kanji,3
買う: to buy,,,kanji,4
お先に: pardon me for leaving before you,,,kanji,4
きのう: yesterday,,,kanji,4
ゆうはん: evening meal,,,kanji,4
ぎゅうにく: beef,,,kanji,4
たべる: to eat,,,kanji,4
なんじ: what time,,,kanji,4
"おきる: to get up, to wake up",,,kanji,4
"こども: child, children",,,kanji,4
"はな: flower, blossom",,,kanji,4
"すき: liking, fondness, love",,,kanji,4
"明るい: bright, colorful",,,kanji,4
"ひろい: spacious, vast, wide",,,kanji,4
"むいか: sixth day of the month, six days",,,kanji,4
"ごご: afternoon, p.m.",,,kanji,4
あう: to meet,,,kanji,4
えき: station,,,kanji,4
北口: north entrance,,,kanji,4
"でる: to go out, to exit",,,kanji,4
"まっすぐ: straight (ahead), direct, upright",,,kanji,4
"せんせい: teacher, master, doctor",,,kanji,4
黒い: black,,,kanji,4
"めがね: glass, spectacles",,,kanji,4
JLPT N5 – Kanji Exercise 05,,,kanji,4
朝: morning,,,kanji,5
雨: rain,,,kanji,5
ふる: to fall (rain),,,kanji,5
さむい: cold (weather),,,kanji,5
あつい: hot (thing),,,kanji,5
"のむ: to drink, to gulp",,,kanji,5
くに: country,,,kanji,5
うまれる: to be born,,,kanji,5
学校: school,,,kanji,5
"後ろ: back, behind, rear",,,kanji,5
何: what,,,kanji,5
"小さい: small, little, tiny",,,kanji,5
こうえん: (public) park,,,kanji,5
JLPT N5 – Kanji Exercise 06,,,kanji,5
"外: outside, exterior, open air",,,kanji,6
"出る: to go out, to exit, to leave",,,kanji,6
"家: house, residence, dwelling",,,kanji,6
ゆっくり: slowly,,,kanji,6
"休む: to rest, to have a break, to take a day off",,,kanji,6
すいようび: Wednesday,,,kanji,6
がっこう: school,,,kanji,6
おべんとう: bento (Japanese lunch box),,,kanji,6
ふうとう: envelope,,,kanji,6
JLPT N5 – Kanji Exercise 07,,,kanji,6
手紙: letter,,,kanji,7
半分: half,,,kanji,7
読む: to read,,,kanji,7
"すこし: little, few",,,kanji,7
"たかい: high, tall, expensive",,,kanji,7
銀行: bank,,,kanji,7
"道: road, street, way, path",,,kanji,7
西: west,,,kanji,7
四: four,,,kanji,7
"キロ: kilo, kilogram, kilometer",,,kanji,7
いく: to go,,,kanji,7
"左: left, left hand side",,,kanji,7
JLPT N5 – Kanji Exercise 08,,,kanji,7
駅: station,,,kanji,8
南: south,,,kanji,8
"おおきい: big, large, great",,,kanji,8
"川: river, stream",,,kanji,8
らいねん: next year,,,kanji,8
なつ: summer,,,kanji,8
がいこく: foreign country,,,kanji,8
"いい: good, excellent, fine, nice",,,kanji,8
"じゅぎょう: lesson, class work",,,kanji,8
JLPT N5 – Kanji Exercise 09,,,kanji,8
今月: this month,,,kanji,9
"五日: fifth day of the month, five days",,,kanji,9
"話: talk, speech, chat, conversation",,,kanji,9
"まえ: before, in front of",,,kanji,9
"おりる: to descend, to go down",,,kanji,9
みなみ: south,,,kanji,9
"ひだりがわ: left, left hand side",,,kanji,9
おふろ: bath,,,kanji,9
"入る: to get in, to go in",,,kanji,9
"べんきょう: study, diligence",,,kanji,9
JLPT N5 – Kanji Exercise 10,,,kanji,9
しんぶん: newspaper,,,kanji,10
かう: to buy,,,kanji,10
"一日: first day of the month, one day",,,kanji,10
にじゅうよじかん: twenty four hours,,,kanji,10
時間: hour,,,kanji,10
びょう: second,,,kanji,10
一分: a minute,,,kanji,10
"ながい: long, lengthy",,,kanji,10
"のる: to get on, to ride in, to board",,,kanji,10
ひがし: east,,,kanji,10
そら: sky,,,kanji,10
"あかるい: bright, colorful",,,kanji,10
JLPT N5 – Kanji Exercise 11,,,kanji,10
ほん: book,,,kanji,11
よむ: to read,,,kanji,11
"授業: lesson, class work",,,kanji,11
"うける: to receive, to accept, to get",,,kanji,11
古い,furui,"old, aged, ancient",kanji,11
"いえ: house, residence",,,kanji,11
電話: telephone,,,kanji,11
かようび: Tuesday,,,kanji,11
"かわいい: cute, adorable",,,kanji,11
生まれる: to be born,,,kanji,11
"みなさん: everyone, everybody",,,kanji,11
"みぎ: right, right hand side",,,kanji,11
"でる: to go out, to exit, to leave",,,kanji,11
魚: fish,,,kanji,11
"高い: high, tall, expensive",,,kanji,11
よく: properly,,,kanji,11
"きく: to hear, to listen",,,kanji,11
"きょう: today, this day",,,kanji,11
JLPT N5 – Kanji Exercise 12,,,kanji,11
母: mother,,,kanji,12
かぜをひく: to catch a cold,,,kanji,12
ぎんこう: bank,,,kanji,12
"人: man, person",,,kanji,12
有名,yuumei,"famous, fame",kanji,12
えいご: English (language),,,kanji,12
ぜんぜん: not at all,,,kanji,12
できる: to be able to do,,,kanji,12
"立つ: to stand, to rise, to stand up",,,kanji,12
へや: room,,,kanji,12
"くらい: dark, gloomy",,,kanji,12
"だす: to turn in, to submit",,,kanji,12
あした: tomorrow,,,kanji,12
JLPT N5 – Kanji Exercise 13,,,kanji,12
"となり: neighbor, next to",,,kanji,13
村,mura,village,kanji,13
あるく: to walk,,,kanji,13
帰る,kaeru,"to return, to come back",kanji,13
"りょうしん: parents, both parents",,,kanji,13
一緒に: together with,,,kanji,13
"すむ: to live, to reside, to inhabit",,,kanji,13
ふく: clothes,,,kanji,13
"よごれる: to get dirty, to become dirty",,,kanji,13
あらう: to wash,,,kanji,13
"うえ: above, up, top",,,kanji,13
"おさら: plate, dish",,,kanji,13
並ぶ: to line up,,,kanji,13
ビル: building,,,kanji,13
"なか: inside, in, within",,,kanji,13
だれ: who,,,kanji,13
"きれい: pretty, lovely, beautiful",,,kanji,13
おかあさん: mother,,,kanji,13
"げんき: healthy, robust",,,kanji,13
JLPT N5 – Kanji Exercise 14,,,kanji,13
門,mon,gate,kanji,14
子ども,kodomo,"child, children",kanji,14
力,chikara,"force, strength",kanji,14
開ける: to open,,,kanji,14
はんぶん: half,,,kanji,14
"りょうり: cooking, cuisine",,,kanji,14
"おいしい: delicious, tasty",,,kanji,14
一つ,hitotsu,one,kanji,14
"かわ: river, stream",,,kanji,14
およぐ: to swim,,,kanji,14
じゅうがつ: October,,,kanji,14
"十日: tenth day of the month, ten days",,,kanji,14
"道: road, street, way",,,kanji,14
百,hyaku,hundred,kanji,14
こうばん: police box,,,kanji,14
"せまい: narrow, confined, small",,,kanji,14
JLPT N5 – Kanji Exercise 15,,,kanji,14
いす: chair,,,kanji,15
"した: below, down, under",,,kanji,15
ねこ: cat,,,kanji,15
しんかんせん: bullet train,,,kanji,15
"乗る: to get on, to ride in, to board",,,kanji,15
"質問: question, inquiry",,,kanji,15
答える,kotaeru,"to answer, to reply",kanji,15
"会社: company, corporation, workplace",,,kanji,15
"まち: town, block, street",,,kanji,15
にし: west,,,kanji,15
"おおきな: big, large, great",,,kanji,15
"やすみ: rest, holiday",,,kanji,15
"ほしい: wanted, wished for, in need of",,,kanji,15
"ちかく: near, neighborhood, vicinity",,,kanji,15
新しい: new,,,kanji,15
JLPT N5 – Kanji Exercise 16,,,kanji,15
"とおか: tenth day of the month, ten days",,,kanji,16
"えんそく: excursion, outing, trip",,,kanji,16
電車: (electric) train,,,kanji,16
かばん: bag,,,kanji,16
"だいじ: important, valuable",,,kanji,16
"つかう: to use, to make use of",,,kanji,16
"えいがかん: movie theater, cinema",,,kanji,16
"おと: sound, noise",,,kanji,16
"いま: now, the present time",,,kanji,16
目,me,eye,kanji,16
耳: ear,,,kanji,16
"みせる: to show, to display",,,kanji,16
外国: foreign country,,,kanji,16
りゅうがく: studying abroad,,,kanji,16
妹: younger sister,,,kanji,16
代わりに,kawari ni,instead of,kanji,16
JLPT N5 – Kanji Exercise 17,,,kanji,16
頭,atama,"head, mind, brain",kanji,17
"体: body, health",,,kanji,17
"すっきり: refreshed, shapely, neatly",,,kanji,17
"こうつう: traffic, communication, transportation",,,kanji,17
"不便: inconvenience, unhandiness",,,kanji,17
"ぶん: sentence, text",,,kanji,17
"世界: the world, society",,,kanji,17
歴史,rekishi,history,kanji,17
知る,shiru,"to know, to understand",kanji,17
"勉強: study, diligence",,,kanji,17
シャワー: shower,,,kanji,17
"浴びる: to bathe, to shower",,,kanji,17
"はやく: soon, quickly",,,kanji,17
"しゃしん: photograph, photo",,,kanji,17
"おくる: to send, to dispatch",,,kanji,17
"たばこ: tobacco, cigarettes",,,kanji,17
"吸う: to smoke, to breathe in",,,kanji,17
しがつ: April,,,kanji,17
さく: to bloom,,,kanji,17
JLPT N5 – Kanji Exercise 18,,,kanji,17
やま: mountain,,,kanji,18
"のぼる: to ascend, to go up, to climb",,,kanji,18
"遅れる: to be late, to be overdue",,,kanji,18
"また: again, also",,,kanji,18
"病気: illness, disease, sickness",,,kanji,18
"きかい: machine, mechanism",,,kanji,18
"ただしい: right, just, correct",,,kanji,18
きょうしつ: classroom,,,kanji,18
何人: how many people,,,kanji,18
こんしゅう: this week,,,kanji,18
てんき: weather,,,kanji,18
考え方,kangaekata,way of thinking,kanji,18
"違う: to vary, to differ",,,kanji,18
ことし: this year,,,kanji,18
ふゆやすみ: winter vacation,,,kanji,18
"かえる: to return, to go back",,,kanji,18
JLPT N5 – Kanji Exercise 19,,,kanji,18
ぎゅうにゅう: milk,,,kanji,19
飲む: to drink,,,kanji,19
くろい: black,,,kanji,19
背広: business suit,,,kanji,19
きる: to wear,,,kanji,19
ふゆ: winter,,,kanji,19
ど: degree,,,kanji,19
"いじょう: beyond, more than",,,kanji,19
"ことば: word, phrase",,,kanji,19
"意味: meaning, significance",,,kanji,19
女の子: girl,,,kanji,19
高い,takai,"high, tall, expensive",reading,1
"いい: good, fine, nice",,,reading,1
正しい,tadashii,"just, right, correct",reading,1
上,ue,"above, up, top",reading,1
見る,miru,"to see, to look, to view",reading,1
"いくら: how much, how many",,,reading,1
"ちょっと: a little, somewhat",,,reading,1
JLPT N5 - Reading Exercise 02,,,reading,1
"アパート: apartment, apartment building",,,reading,2
午前,gozen,"morning, a.m.",reading,2
"エレベーター: elevator, lift",,,reading,2
階段,kaidan,"stairs, stairway, staircase",reading,2
外,soto,"outside, exterior, open air",reading,2
日本人,nihonjin,"Japanese person, Japanese people",reading,2
答える,kotaeru,"to reply, to answer",reading,2
呼ぶ,yobu,"to call, to call out",reading,2
聞く,kiku,"to listen, to ask",reading,2
"ずっと: far away, throughout",,,reading,2
"すると: thereupon, hereupon",,,reading,2
だけど: however,,,reading,2
気温,kion,atmospheric temperature,reading,2
度,do,degree,reading,2
そうすると: having done that,,,reading,2
"ところが: even so, however, still",,,reading,2
"それで: and, thereupon, because of that",,,reading,2
"それに: besides, moreover",,,reading,2
JLPT N5 - Reading Exercise 03,,,reading,2
JLPT N5 – Reading Exercise 01,,,reading,2
借りる,kariru,"to borrow, to rent, to have a loan",reading,3
"はじめに: to begin with, first of all",,,reading,3
冊,satsu,counter for books,reading,3
週間,shuukan,"week, weekly",reading,3
返す,kaesu,"to return (something), to restore",reading,3
出る,deru,to appear,reading,3
教える,oshieru,"to teach, to inform, to instruct",reading,3
休む,yasumu,"to be absent, to take a day off",reading,3
JLPT N5 – Reading Exercise 04,,,reading,3
私たち,watashitachi,"we, us",reading,4
甘い,amai,"sweet, delicious",reading,4
安く,yasuku,inexpensively,reading,4
安い,yasui,"cheap, inexpensive",reading,4
茶色,chairo,light brown,reading,4
"どちらも: both, either",,,reading,4
好き,suki,"liking, love",reading,4
五月,gogatsu,May,reading,4
飛行機,hikouki,"airplane, aircraft",reading,4
初めて,hajimete,for the first time,reading,4
心配,shinpai,"worry, concern, anxiety",reading,4
"はじめは: at first, in the beginning",,,reading,4
眠い,nemui,"sleepy, drowsy",reading,4
飲みすぎる,nomisugiru,to drink too much,reading,4
今でも,ima demo,"still, even now",reading,4
美術館,bijutsukan,"art gallery, art museum",reading,4
会社,kaisha,"company, corporation, workplace",reading,4
地下鉄,chikatetsu,"underground train, subway",reading,4
比べる,kuraberu,to compare,reading,4
最近,saikin,"most recent, nowadays",reading,4
運動,undou,exercise,reading,4
遠く,tooku,"far away, distant, distant place",reading,4
JLPT N5 – Reading Exercise 05,,,reading,4
下りる,oriru,"to descend, to get off",reading,5
日記,nikki,"diary, journal",reading,5
西口,nishiguchi,west entrance,reading,5
約束,yakusoku,"arrangement, promise, appointment",reading,5
東口,higashiguchi,east entrance,reading,5
間違える,machigaeru,to mistake something for something else,reading,5
"やはり: also, as I thought",,,reading,5
"おかしい: strange, funny",,,reading,5
思う,omou,"to think, to consider, to believe",reading,5
務める,tsutomeru,"to work for, to be employed at",reading,5
ギタ－: guitar,,,reading,5
JLPT N5 – Reading Exercise 06,,,reading,5
区,ku,"ward, district",reading,6
体育館,taiikukan,gymnasium,reading,6
"はやい: fast, quick, too soon",,,reading,6
生活,seikatsu,"living, life",reading,6
合う,au,"to fit, to match, to be correct",reading,6
週末,shuumatsu,weekend,reading,6
テープレコーダー: tape recorder,,,reading,6
後ろ,ushiro,"back, behind, rear",reading,6
テープ: tape,,,reading,6
JLPT N5 – Reading Exercise 07,,,reading,6
交番,kouban,police box,reading,7
"まっすぐ: straight (ahead), direct",,,reading,7
"どれぐらい: how long, how far, how much",,,reading,7
横,yoko,"horizontal, beside, next to",reading,7
向こう,mukou,"opposite side, opposite direction",reading,7
広い,hiroi,"spacious, vast, wide",reading,7
美味しい,oishii,"tasty, delicious",reading,7
JLPT N5 – Reading Exercise 08,,,reading,7
便利,benri,"convenient, handy, useful",reading,8
近い,chikai,"near, close, short (distance)",reading,8
普通,futsuu,"general, ordinary, normally",reading,8
道,michi,"road, street, way",reading,8
混む,komu,"to be crowded, to be packed",reading,8
美しい,utsukushii,"beautiful, lovely",reading,8
湖,mizuumi,lake,reading,8
釣る,tsuru,to fish,reading,8
船,fune,"ship, boat",reading,8
止める,yameru,"to end, to stop, to cease",reading,8
珍しい,mezurashii,"unusual, rare",reading,8
鳥,tori,bird,reading,8
"そば: near, close, vicinity",,,reading,8
世界中,sekaijuu,throughout the world,reading,8
飾る,kazaru,to decorate,reading,8
田舎,inaka,"rural area, countryside",reading,8
ひさしぶり: a long time (since the last time),,,reading,8
楽しみ,tanoshimi,"anticipation, looking forward to",reading,8
JLPT N5 – Reading Exercise 09,,,reading,8
借りる,kariru,"to borrow, to rent, to hire",reading,9
煙草,tabako,"tobacco, cigarettes",reading,9
吸う,suu,"to smoke, to breathe in, to inhale",reading,9
先に,saki ni,"ahead, before, earlier than",reading,9
JLPT N5 – Reading Exercise 10,,,reading,9
風邪,kaze,"cold (illness), common cold",reading,10
昼,hiru,"noon, midday, daytime",reading,10
晩,ban,evening,reading,10
ご飯,gohan,meal,reading,10
同窓会,dousoukai,"class reunion, alumni meeting",reading,10
開く,hiraku,"to hold, to give (party, conference)",reading,10
狭い,semail,"narrow, confined, small",reading,10
予約,yoyaku,"reservation, booking",reading,10
招待,shoutai,invitation,reading,10
会費,kaihi,membership fee,reading,10
プレゼント: present,,,reading,10
場所,basho,"place, location, spot",reading,10
都合が悪い,tsugou ga warui,inconvenient,reading,10
場合,baai,"case, situation",reading,10
お手数,otesuu,"trouble, labor",reading,10
"ぜひ: certainly, without fail",,,reading,10
ところで: by the way,,,reading,10
じつは: as a matter of fact,,,reading,10
JLPT N5 – Reading Exercise 11,,,reading,10
すみません,sumimasen,excuse me,reading,11
そこ,soko,"there, that place",reading,11
左側,hidarigawa,"left, left (hand) side",reading,11
ここから,koko kara,from here,reading,11
どれぐらい,dore gurai,"how long, how far",reading,11
かかる,kakaru,to take (e.g. time or money),reading,11
分,fun,minutes,reading,11
ただしい,tadashii,"right, correct",reading,11
横,yoko,"next to, beside",reading,11
向こう,mukou,"opposite side, over there",reading,11
置く,oku,to put,reading,11
とき,toki,when,reading,11
げんき,genki,healthy,reading,11
たんじょうび,tanjoubi,birthday,reading,11
おめでとうございます,omedetou gozaimasu,congragulations,reading,11
覚える,oboeru,to remember,reading,11
もちろん,mochiron,of course,reading,11
ケーキ,keeki,cake,reading,11
ダンス,dansu,dance,reading,11
楽しい,tanoshii,fun,reading,11
仕事,shigoto,job,reading,11
そのとき,sono toki,"at that time, on that occasion",reading,11
電話,denwa,"phone, telephone",reading,11
どうして,doushite,why,reading,11
JLPT N5 – Reading Exercise 12,,,reading,11
前,mae,"before, earlier",reading,12
漢字,kanji,"Kanji, Chinese character",reading,12
試験,shiken,"exam, test",reading,12
点,ten,point,reading,12
グラフ,gurafu,graph,reading,12
もう一度,mou ichido,again,reading,12
おじいさん,ojiisan,grandfather,reading,12
JLPT N5 – Reading Exercise 13,,,reading,12
務める,tsutomeru,to work (for),reading,13
たくさん,takusan,many,reading,13
掃除,souji,"cleaning, dusting",reading,13
洗濯,sentaku,laundry,reading,13
すぐに,sugu ni,"immediately, right away",reading,13
時間がかかる,jikan ga kakaru,to take time,reading,13
たいてい,taitei,"mostly, usually",reading,13
ごろ,goro,"around, about",reading,13
物,mono,thing,reading,13
はじめに,hajime ni,"first, firstly",reading,13
近く,chikaku,near,reading,13
など,nado,"and the like, and so forth",reading,13
次に,tsugi ni,next,reading,13
軽い,karui,light (i.e. not heavy),reading,13
妹,imouto,little sister,reading,13
おいしい,oishii,delicious,reading,13
先週,senshuu,last week,reading,13
アパート,apaato,apartment,reading,13
おばあさん,obaasan,grandmother,reading,13
大学生,daigakusei,college student,reading,13
誰か,dareka,someone,reading,13
どんな,donna,what kind of,reading,13
JLPT N5 – Reading Exercise 14,,,reading,13
うち,uchi,"house, home (one’s own)",reading,14
とても,totemo,very,reading,14
頑張る,ganbaru,to do one’s best,reading,14
はじめ,hajime,at first,reading,14
辞書を引く,jisho o hiku,to consult a dictionary,reading,14
面白い,omoshiroi,interesting,reading,14
つまらない,tsumaranai,boring,reading,14
易しい,yasashii,easy,reading,14
言葉,kotoba,word,reading,14
一人,hitori,"one person, alone",reading,14
サングラス,sangurasu,sunglasses,reading,14
普通,futsuu,"general, usual",reading,14
かける,kakeru,to put on (glasses),reading,14
メガネ,megane,glasses,reading,14
よく,yoku,"frequently, often",reading,14
吹く,fuku,to blow,reading,14
今週,konshuu,this week,reading,14
前の日,mae no hi,the day before,reading,14
払う,harau,to pay,reading,14
半分,hanbun,half,reading,14
見る,miru,"to see, to watch, to look",vocabulary,1
夕べ,yuube,"evening, last night",vocabulary,1
聞く,kiku,"to listen, to hear",vocabulary,1
ぺん: pen,,,vocabulary,1
ストーブ: heater (from stove),,,vocabulary,1
細い,hosoi,"thin, slender",vocabulary,1
結構,kekkou,"splendid, nice, wonderful",vocabulary,1
残念,zannen,"bad luck, regret, disappointment",vocabulary,1
簡単,kantan,simple,vocabulary,1
習う,narau,to learn,vocabulary,1
覚える,oboeru,"to remember, to recollect",vocabulary,1
着る,kiru,to wear (from the shoulders down),vocabulary,1
"たいてい: mostly, usually",,,vocabulary,1
"ちょうど: just, right, exactly",,,vocabulary,1
"すぐに: instantly, immediately",,,vocabulary,1
だんだん: gradually,,,vocabulary,1
JLPT N5 – Vocabulary Exercise 02,,,vocabulary,1
六日,muika,"sixth days of the month, six days",vocabulary,2
ピアノ: piano,,,vocabulary,2
レコード: record,,,vocabulary,2
スキー: skiing,,,vocabulary,2
狭い,semai,"narrow, confined",vocabulary,2
重い,omoi,"heavy, massive",vocabulary,2
川,kawa,"river, stream",vocabulary,2
飛ぶ,tobu,to fly,vocabulary,2
パーテイー: party,,,vocabulary,2
ズボン: trousers,,,vocabulary,2
掛ける,kakeru,"to hang, to hoist",vocabulary,2
乗る,noru,"to ride in, to board",vocabulary,2
登る,noboru,"to ascend, to go up, to climb",vocabulary,2
JLPT N5 – Vocabulary Exercise 03,,,vocabulary,2
JLPT N5 – Vocabulary Exercise 01,,,vocabulary,2
歯,ha,tooth,vocabulary,3
浴びる,abiru,"to bathe, to shower",vocabulary,3
磨く,migaku,"to brush (teeth), to polish",vocabulary,3
角,kado,corner (pavement),vocabulary,3
曲がる,magaru,"to turn, to bend",vocabulary,3
止まる,tomaru,"to stop, to halt",vocabulary,3
家,ie,"house, residence, dwelling",vocabulary,3
便利,benri,"convenient, handy",vocabulary,3
色々,iroiro,various,vocabulary,3
毎月,maitsuki,"every month, each month",vocabulary,3
"もちろん: of course, certainly",,,vocabulary,3
"しめる: to tie, to fasten",,,vocabulary,3
"セーター: sweater, jumper",,,vocabulary,3
重要,juuyou,"important, essential",vocabulary,3
JLPT N5 – Vocabulary Exercise 04,,,vocabulary,3
医者,isha,(medical) doctor,vocabulary,4
立派,rippa,"splendid, fine",vocabulary,4
"きれい: pretty, beautiful",,,vocabulary,4
"まっすぐ: straight, direct, upright",,,vocabulary,4
上がる,agaru,"to rise, to go up",vocabulary,4
甘い,amai,sweet,vocabulary,4
厚い,atsui,"thick, deep",vocabulary,4
そろそろ: soon,,,vocabulary,4
付ける,tsukeru,"to attach, to join",vocabulary,4
"だいぶ: considerably, greatly",,,vocabulary,4
大勢,oozei,"many, great number of people",vocabulary,4
JLPT N5 – Vocabulary Exercise 05,,,vocabulary,4
低い,hikui,low,vocabulary,5
涼しい,suzushii,"cool (of weather), refreshing",vocabulary,5
はがき: postcard,,,vocabulary,5
空,sora,sky,vocabulary,5
曇り,kumori,"cloudiness, cloudy weather",vocabulary,5
呼ぶ,yobu,"to call out, to call",vocabulary,5
男,otoko,man,vocabulary,5
兄弟,kyoudai,"siblings, brothers and sisters",vocabulary,5
おじさん: uncle,,,vocabulary,5
おばさん: aunt,,,vocabulary,5
おじいさん: grandfather,,,vocabulary,5
おばあさん: grandmother,,,vocabulary,5
早く,hayaku,"early, soon, quickly",vocabulary,5
ニュース: news,,,vocabulary,5
"ちょうどいい: just right (size, time)",,,vocabulary,5
足,ashi,"foot, leg",vocabulary,5
耳,mimi,ear,vocabulary,5
JLPT N5 – Vocabulary Exercise 06,,,vocabulary,5
靴下,kutsushita,"socks, stockings",vocabulary,6
丈夫,joubu,"strong, solid",vocabulary,6
渡す,watasu,"to give, to hand over",vocabulary,6
鳴らす,narasu,"to ring, to sound",vocabulary,6
並ぶ,narabu,"to line up, to stand in a line",vocabulary,6
並べる,naraberu,"to line up, to set up, to itemize",vocabulary,6
下手,heta,"unskillful, poor",vocabulary,6
出す,dasu,"to take out, to get out",vocabulary,6
一歳,issai,one-year-old,vocabulary,6
JLPT N5 – Vocabulary Exercise 07,,,vocabulary,6
桜,sakura,cherry blossom,vocabulary,7
てんぷら: tempura,,,vocabulary,7
スリッパ: slipper,,,vocabulary,7
借りる,kariru,to borrow,vocabulary,7
まずい: unappetizing,,,vocabulary,7
汚い,kitanai,"dirty, unclean",vocabulary,7
危ない,abunai,"dangerous, risky",vocabulary,7
暇,hima,"spare time, free time",vocabulary,7
休み,yasumi,"rest, recess",vocabulary,7
JLPT N5 – Vocabulary Exercise 08,,,vocabulary,7
止める,yameru,"to end, to stop",vocabulary,8
一昨年,ototoshi,year before last,vocabulary,8
二年,ninen,two years,vocabulary,8
二日,futsuka,two days,vocabulary,8
一年,ichinen,one year,vocabulary,8
忘れる,wasureru,"to forget, to leave carelessly",vocabulary,8
ペット: pet,,,vocabulary,8
休む,yasumu,"to go to bed, to sleep",vocabulary,8
分かる,wakaru,"to be known, to be understood",vocabulary,8
JLPT N5 – Vocabulary Exercise 09,,,vocabulary,8
親切,shinsetsu,"kindness, gentleness",vocabulary,9
嬉しい,ureshii,"happy, glad, pleasant",vocabulary,9
優しい,yasashii,"gentle, kind",vocabulary,9
インド: India,,,vocabulary,9
植物,shokubutsu,"plant, vegetation",vocabulary,9
女,onna,woman,vocabulary,9
調子,choushi,state of health,vocabulary,9
元気,genki,"health, robust",vocabulary,9
自分,jibun,"myself, yourself, oneself",vocabulary,9
鉛筆,enpitsu,pencil,vocabulary,9
ベア: door,,,vocabulary,9
大好き,daisuki,like very much,vocabulary,9
JLPT N5 – Vocabulary Exercise 10,,,vocabulary,9
入る,hairu,"to enter, to enroll",vocabulary,10
思う,omou,"to think, to consider",vocabulary,10
うまく行く,umaku iku,"to go smoothly, to turn out well",vocabulary,10
吹く,fuku,to blow (wind),vocabulary,10
引く,hiku,"to pull, to draw",vocabulary,10
JLPT N5 – Vocabulary Exercise 11,,,vocabulary,10
"つまらない: boring, uninteresting",,,vocabulary,11
お医者さん,oishasan,doctor,vocabulary,11
奥さん,okusan,"wife, your wife, his wife, madam",vocabulary,11
お巡りさん,omawarisan,policeman,vocabulary,11
十月,juugatsu,October,vocabulary,11
五日,itsuka,"fifth day of the month, five days",vocabulary,11
死ぬ,shinu,to die,vocabulary,11
先生,sensei,"teacher, doctor",vocabulary,11
店員,ten’in,"shop assistant, employee, clerk",vocabulary,11
JLPT N5 – Vocabulary Exercise 12,,,vocabulary,11
寂しい,sabishii,"lonely, lonesome",vocabulary,12
クリニック: clinic,,,vocabulary,12
治す,naosu,"to cure, to heal",vocabulary,12
病気,byouki,"illness, disease",vocabulary,12
客,kyaku,"guest, visitor, customer",vocabulary,12
安全,anzen,"safe, security",vocabulary,12
結構,kekkou,"splendid, nice",vocabulary,12
乗り物,norimono,vehicle,vocabulary,12
ソックス: socks,,,vocabulary,12
ゴミの日,gomi no hi,"garbage day, rubbish collection day",vocabulary,12
JLPT N5 – Vocabulary Exercise 13,,,vocabulary,12
開ける,akeru,to open (a door),vocabulary,13
古い,furui,"old, ancient",vocabulary,13
タワー: tower,,,vocabulary,13
デスク: desk,,,vocabulary,13
庭,niwa,garden,vocabulary,13
"ただ: only, merely, just",,,vocabulary,13
信号,shingou,"traffic lights, signal",vocabulary,13
どんなに: how,,,vocabulary,13
"どう: how, in what way",,,vocabulary,13
意味,imi,"meaning, significance",vocabulary,13
調べる,shiraberu,"to check up, to search, to examine",vocabulary,13
八百屋,yaoya,greengrocer,vocabulary,13
字引,jibiki,dictionary,vocabulary,13
太い,futoi,"fat, thick",vocabulary,13
JLPT N5 – Vocabulary Exercise 14,,,vocabulary,13
おとうさん: father,,,vocabulary,14
いもうとさん: younger sister,,,vocabulary,14
おとうとさん: younger brother,,,vocabulary,14
弾く,hiku,"to play (piano, guitar)",vocabulary,14
曇る,kumoru,to become cloudy,vocabulary,14
晴れる,hareru,to be sunny,vocabulary,14
奥さん,okusan,"wife, your wife, his wife",vocabulary,14
ご主人,goshujin,"your husband, her husband",vocabulary,14
コップ: glass (drinking vessel),,,vocabulary,14
暗い,kurai,"dark, gloomy",vocabulary,14
明るい,akarui,bright,vocabulary,14
"つける: to turn on, to switch on",,,vocabulary,14
"きれい: beautiful, clean",,,vocabulary,14
JLPT N5 – Vocabulary Exercise 15,,,vocabulary,14
覚え方,oboekata,how to remember,vocabulary,15
思う,omou,"to think, to believe",vocabulary,15
"だれか: someone, somebody",,,vocabulary,15
"どこか: somewhere, anywhere",,,vocabulary,15
"いつか: someday, one day",,,vocabulary,15
なにか: something,,,vocabulary,15
もう一度,mou ichido,"once, one time",vocabulary,15
年,toshi,"year, age",vocabulary,15
通う,kayou,"to attend (school, church)",vocabulary,15
ラジカセ: radio-cassette player,,,vocabulary,15
呼ぶ,yobu,"to call, to name",vocabulary,15
JLPT N5 – Vocabulary Exercise 16,,,vocabulary,15
差す,sasu,to raise umbrella,vocabulary,16
消す,kesu,"to erase, to delete, to turn off power",vocabulary,16
出す,dasu,"to submit, to turn in",vocabulary,16
二十日,hatsuka,"twentieth day of the month, twenty days",vocabulary,16
一日,tsuitachi,first day of the month,vocabulary,16
薄い,usui,"thin, pale, light",vocabulary,16
古い,furui,"old (not person), aged, ancient",vocabulary,16
"すくない: few, a little",,,vocabulary,16
"たいへん: very, greatly, terrible",,,vocabulary,16
違う,chigau,"to differ (from), to vary",vocabulary,16
"どうも: quite, really, somehow",,,vocabulary,16
降る,furu,to fall,vocabulary,16
雷,kaminari,thunder,vocabulary,16
真面目,majime,"serious, grave, honest",vocabulary,16
取る,toru,to take,vocabulary,16
"トイレ: toilet, restroom",,,vocabulary,16
ノート: notebook,,,vocabulary,16
JLPT N5 – Vocabulary Exercise 17,,,vocabulary,16
出口,deguchi,"exit, gateway",vocabulary,17
入口,iriguchi,"entrance, gate",vocabulary,17
下りる,oriru,"to descend, to go down",vocabulary,17
食堂,shokudou,"dining room, cafeteria, restaurant",vocabulary,17
本屋,hon’ya,"bookshop, bookstore",vocabulary,17
花屋,hanaya,florist,vocabulary,17
肉屋,nikuya,butcher,vocabulary,17
渡す,watasu,"to give, to pass, to hand in",vocabulary,17
おにいさん: older brother,,,vocabulary,17
会議,kaigi,"meeting, conference",vocabulary,17
JLPT N5 – Vocabulary Exercise 18,,,vocabulary,17
"キロ: kilo, kilogram",,,vocabulary,18
グラム: gram,,,vocabulary,18
おねがいします: please,,,vocabulary,18
"どうしたしまして: you are welcome, don’t mention it",,,vocabulary,18
急ぐ,isogu,"to hurry, to rush, to hasten",vocabulary,18
時,toki,"time, hour, moment",vocabulary,18
自由,jiyuu,"freedom, liberty",vocabulary,18
虎,tora,tiger,vocabulary,18
春,haru,"spring, springtime",vocabulary,18
いちいち: one by one,,,vocabulary,18
速い,hayai,"fast, quick",vocabulary,18
チケット: ticket,,,vocabulary,18
泣く,naku,"to cry, to weep, to sob",vocabulary,18
脱ぐ,nugu,to take off (clothes),vocabulary,18
ギター: guitar,,,vocabulary,18
昼ご飯,hirugohan,"lunch, midday meal",vocabulary,18
JLPT N5 – Vocabulary Exercise 19,,,vocabulary,18
学ぶ,manabu,"to study, to learn",vocabulary,19
貼る,haru,"to stick, to paste, to affix",vocabulary,19
"おつかれさまでした: thank you, many thanks, that’s enough for today",,,vocabulary,19
彼,kare,"he, him, boyfriend",vocabulary,19
電話番号,denwabangou,telephone number,vocabulary,19
寒い,samui,"cold, weather",vocabulary,19
JLPT N5 – Vocabulary Exercise 20,,,vocabulary,19
お手洗い,otearai,"toilet, restroom",vocabulary,20
"トイレ: toilet, bathroom",,,vocabulary,20
玄関,genkan,"entranceway, entry hall",vocabulary,20
廊下,rouka,corridor,vocabulary,20
年,nen,"year, counter for years",vocabulary,20
再来年,sarainen,year after next,vocabulary,20
野球,yakyuu,baseball,vocabulary,20
バナナ: banana,,,vocabulary,20
夫婦,fuufu,"married couple, spouses",vocabulary,20
出す,dasu,to send (a letter),vocabulary,20
おじ: uncle,,,vocabulary,20
JLPT N5 – Vocabulary Exercise 21,,,vocabulary,20
写真,shashin,"photo, photograph",vocabulary,21
おおきく: in a big way,,,vocabulary,21
"おおぜい: many, crowd, great number of people",,,vocabulary,21
"もらう: to receive, to take, to get",,,vocabulary,21
磨く,migaku,"to brush (teeth), to polish, to shine",vocabulary,21
JLPT N5 – Vocabulary Exercise 22,,,vocabulary,21
大事,daiji,"important, valuable",vocabulary,22
思う,omou,"to think, to believe, to consider",vocabulary,22
一番,ichiban,"best, first, number one",vocabulary,22
最初,saisho,"beginning, first",vocabulary,22
"ひとり: one person, alone",,,vocabulary,22
吸う,suu,"to smoke, to breathe in",vocabulary,22
消える,kieru,"to go out, to vanish, to disappear",vocabulary,22
聞こえる,kikoeru,"to be heard, to be audible",vocabulary,22
止める,tomeru,to stop,vocabulary,22
席,seki,seat,vocabulary,22
JLPT N5 – Vocabulary Exercise 23,,,vocabulary,22
字,ji,"hand-writing, character",vocabulary,23
工場,koujou,"factory, mill, workshop",vocabulary,23
町,machi,"town, street, road",vocabulary,23
緑,midori,green,vocabulary,23
木,ki,"tree, wood, timber",vocabulary,23
嫌,iya,"disagreeable, detestable",vocabulary,23
勝つ,katsu,to win,vocabulary,23
小さな,chiisana,"small, little, tiny",vocabulary,23
声,koe,voice,vocabulary,23
鳴く,naku,to sing (bird),vocabulary,23
JLPT N5 – Vocabulary Exercise 24,,,vocabulary,23
四つ,yottsu,four,vocabulary,24
六つ,muttsu,six,vocabulary,24
五つ,itsutsu,five,vocabulary,24
二つ,futatsu,two,vocabulary,24
三つ,mittsu,three,vocabulary,24
八つ,yattsu,eight,vocabulary,24
送る,okuru,"to send (a thing), to dispatch",vocabulary,24
玩具,omocha,toy,vocabulary,24
娘,musume,"daughter, girl",vocabulary,24
息子,musuko,son,vocabulary,24
昔,mukashi,"olden days, former",vocabulary,24
向こう,mukou,"opposite side, over there, that way",vocabulary,24
点ける,tsukeru,"to turn on, to switch on",vocabulary,24
電子,denshi,electron,vocabulary,24
茶碗,chawan,"rice bowl, tea cup",vocabulary,24
お弁当,obentou,bento (Japanese lunch box),vocabulary,24
喧嘩,kenka,"quarrel, fight",vocabulary,24
交通,koutsuu,"traffic, communication, transportation",vocabulary,24
